nct_id,nct_type,preparation_method,resolution_pattern,metric_placement,melodic_function,harmonic_impact,typical_duration,dissonance_level,stylistic_period,common_voices,emotional_effect,pedagogical_difficulty,compositional_frequency,beat_strength,voice_leading_category,voice_range_preference,harmonic_rhythm_pattern,metric_accent_preference,chord_context_compatibility,historical_style_examples,voice_register_considerations,melodic_contour_effect,beat_placement_preference,rhythmic_context
1,passing_tone,stepwise_approach,stepwise_same_direction,weak_beat,melodic_connection,mild_dissonance,eighth_to_quarter,2,all_periods,any_voice,smooth_flow,beginner,very_high,weak,stepwise,any_register,subdivision_beats,weak_beats_preferred,all_chord_types,"Bach_chorales,Mozart_sonatas,Chopin_nocturnes",works_all_octaves,maintains_linear_direction,weak_beat,smooth_connection
2,neighboring_tone,stepwise_approach,return_to_origin,weak_beat,melodic_embellishment,mild_dissonance,eighth_to_quarter,2,all_periods,any_voice,decorative_charm,beginner,very_high,weak,stepwise,upper_voices_preferred,ornamental_subdivision,weak_beats_only,stable_chords_preferred,"Baroque_ornamentation,Classical_melodies,Folk_tunes",most_effective_soprano_alto,creates_melodic_curve,weak_beat,gentle_ornament
3,upper_neighbor,stepwise_up,stepwise_down_return,weak_beat,melodic_ornament,mild_dissonance,eighth_to_quarter,2,all_periods,any_voice,bright_decoration,beginner,high,weak,stepwise,any_register,subdivision_beats,weak_beats_preferred,various_contexts,classical_examples,effective_middle_register,varies_by_context,weak_beat,flexible
4,lower_neighbor,stepwise_down,stepwise_up_return,weak_beat,melodic_ornament,mild_dissonance,eighth_to_quarter,2,all_periods,any_voice,grounded_decoration,beginner,high,weak,stepwise,any_register,subdivision_beats,weak_beats_preferred,various_contexts,classical_examples,effective_middle_register,varies_by_context,weak_beat,flexible
5,suspension,tied_preparation,stepwise_down,strong_beat,rhythmic_harmonic_tension,strong_dissonance,half_to_whole,4,baroque_classical,upper_voices,yearning_tension,intermediate,high,strong,other,upper_voices_primary,strong_beat_emphasis,strong_beats_required,dominant_predominant_chords,"Bach_BWV_147,Handel_Messiah,Mozart_Requiem",most_powerful_soprano_register,creates_descending_tension_release,strong_beat,metric_preparation
6,retardation,tied_preparation,stepwise_up,strong_beat,upward_harmonic_tension,strong_dissonance,half_to_whole,4,baroque_classical,bass_voice,lifting_tension,intermediate,medium,strong,other,bass_voice_typical,strong_beat_resolution,strong_beats_required,tonic_dominant_chords,"Bach_Chorales,Handel_concertos,Classical_cadences",most_effective_bass_register,creates_ascending_lift,syncopated,rhythmic_delay
7,appoggiatura,leap_approach,stepwise_down,strong_beat,expressive_dissonance,very_strong_dissonance,quarter_to_half,5,classical_romantic,melodic_lines,emotional_pain,intermediate,medium,strong,leap,melodic_lines_primary,expressive_emphasis,strong_beats_required,all_harmonic_contexts,"Mozart_Piano_Sonata_K331,Bach_St_Matthew,Puccini_arias",most_expressive_vocal_range,creates_emotional_peak_then_release,strong_beat,expressive_emphasis
8,anticipation,stepwise_or_leap,same_note_resolution,weak_beat,harmonic_preview,variable_mild,eighth_or_less,1,all_periods,any_voice,eager_forward_motion,beginner,medium,weak,stepwise,any_voice_part,forward_motion_beats,weak_beats_into_strong,chord_progression_contexts,"Baroque_sequences,Classical_transitions,Jazz_standards",effective_all_registers,creates_forward_momentum,off_beat,forward_motion
9,escape_tone,stepwise_approach,leap_opposite_direction,weak_beat,melodic_surprise,mild_to_moderate,eighth_note,2,baroque_onward,upper_voices,playful_escape,intermediate,low,weak,stepwise,upper_voices_preferred,playful_subdivision,weak_beats_preferred,stable_harmonic_contexts,"Bach_inventions,Scarlatti_sonatas,Mozart_rondos",most_effective_treble_clef,creates_surprising_direction_change,weak_beat,melodic_direction
10,cambiata,stepwise_down,leap_down_step_up,weak_beat,melodic_figure,mild_dissonance,quarter_note_pattern,2,renaissance_baroque,soprano_alto,graceful_gesture,advanced,low,weak,stepwise,soprano_alto_voices,ornamental_figure_pattern,weak_beat_patterns,Renaissance_modal_contexts,"Palestrina_masses,Victoria_motets,Byrd_anthems",optimal_vocal_range_soprano,creates_graceful_descending_curve,weak_beat,compound_motion
11,nota_cambiata,stepwise_preparation,leap_down_step_up,weak_beat_pattern,ornamental_figure,mild_dissonance,dotted_rhythm_pattern,2,renaissance,upper_voices,elegant_ornament,advanced,very_low,weak,stepwise,any_register,subdivision_beats,weak_beats_preferred,various_contexts,classical_examples,effective_middle_register,varies_by_context,weak_beat,stepwise_group
12,changing_tones,stepwise_opposite_directions,stepwise_returns,weak_beats,double_embellishment,mild_dissonances,eighth_note_pairs,2,classical_onward,any_voices,decorative_pair,intermediate,medium,weak,stepwise,any_register,subdivision_beats,weak_beats_preferred,various_contexts,classical_examples,effective_middle_register,varies_by_context,weak_beat,pair_ornament
13,double_neighbor,step_up_step_down,return_to_origin,weak_beat_group,extended_embellishment,mild_dissonances,quarter_note_group,2,classical_romantic,melodic_lines,elaborate_decoration,intermediate,low,weak,other,any_register,subdivision_beats,weak_beats_preferred,various_contexts,classical_examples,effective_middle_register,varies_by_context,weak_beat,ornamental_group
14,pedal_point,sustained_note,no_resolution,any_placement,harmonic_anchor,variable_strong,whole_notes_longer,3,baroque_onward,bass_voice,stability_tension,intermediate,medium,weak,other,any_register,subdivision_beats,weak_beats_preferred,various_contexts,classical_examples,effective_middle_register,varies_by_context,sustained,harmonic_anchor
15,inverted_pedal,sustained_note_upper,no_resolution,any_placement,upper_harmonic_anchor,moderate_dissonance,whole_notes_longer,3,romantic_modern,soprano_voice,floating_tension,advanced,low,weak,other,any_register,subdivision_beats,weak_beats_preferred,various_contexts,classical_examples,effective_middle_register,varies_by_context,weak_beat,flexible
16,internal_pedal,sustained_middle_voice,no_resolution,any_placement,inner_harmonic_anchor,mild_to_strong,whole_notes_longer,3,classical_onward,inner_voices,subtle_stability,advanced,low,weak,other,any_register,subdivision_beats,weak_beats_preferred,various_contexts,classical_examples,effective_middle_register,varies_by_context,weak_beat,flexible
17,accented_passing_tone,stepwise_approach,stepwise_same_direction,strong_beat,emphasized_connection,moderate_dissonance,quarter_note,3,romantic_modern,melodic_lines,bold_movement,intermediate,medium,strong,stepwise,any_register,subdivision_beats,weak_beats_preferred,various_contexts,classical_examples,effective_middle_register,varies_by_context,strong_beat,rhythmic_emphasis
18,chromatic_passing_tone,chromatic_step,stepwise_continuation,weak_beat,chromatic_connection,mild_dissonance,eighth_note,2,classical_onward,any_voice,smooth_chromatic_flow,intermediate,high,weak,other,any_register,subdivision_beats,weak_beats_preferred,various_contexts,classical_examples,effective_middle_register,varies_by_context,off_beat,chromatic_motion
19,diatonic_passing_tone,diatonic_step,stepwise_continuation,weak_beat,diatonic_connection,mild_dissonance,eighth_note,2,all_periods,any_voice,natural_flow,beginner,very_high,weak,other,any_register,subdivision_beats,weak_beats_preferred,various_contexts,classical_examples,effective_middle_register,varies_by_context,weak_beat,flexible
20,incomplete_neighbor,leap_approach,stepwise_return,weak_beat,partial_embellishment,mild_dissonance,eighth_to_quarter,2,classical_onward,any_voice,surprise_return,intermediate,medium,weak,leap,any_register,subdivision_beats,weak_beats_preferred,various_contexts,classical_examples,effective_middle_register,varies_by_context,weak_beat,partial_ornament
21,appoggiatura_group,leap_preparation,stepwise_resolutions,strong_beat_group,multiple_tensions,very_strong_dissonance,half_note_group,5,romantic_modern,melodic_lines,intense_emotion,advanced,low,strong,leap,any_register,subdivision_beats,weak_beats_preferred,various_contexts,classical_examples,effective_middle_register,varies_by_context,weak_beat,flexible
22,suspension_chain,tied_preparations,stepwise_down_sequence,strong_beat_sequence,sequential_tension,strong_dissonances,half_note_sequence,4,baroque,upper_voices,cascading_tension,advanced,medium,strong,other,any_register,subdivision_beats,weak_beats_preferred,various_contexts,classical_examples,effective_middle_register,varies_by_context,strong_beat,continuous_tension
23,retardation_chain,tied_preparations,stepwise_up_sequence,strong_beat_sequence,upward_sequential_tension,strong_dissonances,half_note_sequence,4,baroque,bass_sequences,lifting_sequence,advanced,low,strong,other,any_register,subdivision_beats,weak_beats_preferred,various_contexts,classical_examples,effective_middle_register,varies_by_context,weak_beat,flexible
24,free_tone,various_approaches,various_resolutions,any_placement,harmonic_color,variable_impact,variable_duration,3,modern_atonal,any_voice,expressive_freedom,advanced,medium,weak,other,any_register,subdivision_beats,weak_beats_preferred,various_contexts,classical_examples,effective_middle_register,varies_by_context,any_beat,melodic_freedom
25,auxiliary_tone,stepwise_approach,stepwise_return,weak_beat,melodic_decoration,mild_dissonance,eighth_note,2,all_periods,any_voice,gentle_ornament,beginner,high,weak,stepwise,any_register,subdivision_beats,weak_beats_preferred,various_contexts,classical_examples,effective_middle_register,varies_by_context,weak_beat,neighbor_variant
26,grace_note,no_preparation,immediate_resolution,any_beat,melodic_ornament,brief_dissonance,very_short,1,baroque_onward,melodic_lines,decorative_sparkle,beginner,medium,weak,other,any_register,subdivision_beats,weak_beats_preferred,various_contexts,classical_examples,effective_middle_register,varies_by_context,before_beat,ornamental_approach
27,mordent,stepwise_alternation,return_to_main,ornamental_timing,rapid_decoration,rapid_dissonances,very_short_alternation,2,baroque_classical,melodic_lines,brilliant_ornament,intermediate,low,weak,stepwise,any_register,subdivision_beats,weak_beats_preferred,various_contexts,classical_examples,effective_middle_register,varies_by_context,ornamental,quick_alternation
28,turn,stepwise_circle_pattern,return_to_main,ornamental_timing,circular_decoration,brief_dissonances,short_pattern,2,baroque_classical,melodic_lines,elaborate_flourish,intermediate,low,weak,stepwise,any_register,subdivision_beats,weak_beats_preferred,various_contexts,classical_examples,effective_middle_register,varies_by_context,ornamental,decorative_group