form_name,form_type,structure_pattern,typical_length,historical_period,genre_associations,key_characteristics,example_compositions,section_count,has_development,has_recapitulation,has_coda,complexity_level,description
Through-Composed,Art Song,A-B-C-D...,3-8 minutes,Romantic to Modern,"Art songs, Progressive rock",Continuous development without repetition,"Schubert Erlkönig, progressive rock epics",8,1,0,0,Advanced,Form with continuous development and little or no repetition
Chaconne,Baroque,Harmonic pattern variations,8-20 minutes,Baroque to Modern,Solo instrumental,Variations over repeating harmonic progression,Bach Chaconne for solo violin,10,1,0,0,Advanced,Variation form based on repeating harmonic progression rather than melody
Da Capo Aria,Baroque,ABA (with ornamentation),5-12 minutes,Baroque,"Opera, Oratorio",ABA form with improvised ornamentation on return,Handel opera arias,3,0,0,0,Advanced,Baroque aria form where the A section returns with elaborate improvised ornamentation
Fugue,Baroque,Subject-Answer-Episodes-Stretto,3-10 minutes,Baroque,"Keyboard, Choral, Orchestral","Imitative counterpoint, subject entries, episodic material","Bach Well-Tempered Clavier, Art of Fugue",4,1,0,0,Advanced,Contrapuntal form based on imitative entries of a subject
Passacaglia,Baroque,Ground bass with variations,5-15 minutes,Baroque to Modern,All genres,Repeating bass line with variations above,"Bach Passacaglia in C minor, Brahms Symphony No.4 finale",8,1,0,0,Advanced,Variation form built over a repeating bass line (ground bass)
Saraband,Baroque,Binary (AB),2-4 minutes,Baroque,Dance suites,"Slow triple meter, emphasis on second beat",Bach French Suites,2,0,0,0,Beginner,"Slow, stately dance in triple meter with characteristic rhythm"
Allemande,Baroque,Binary (AB),2-4 minutes,Baroque,Dance suites,"Moderate 4/4 time, flowing character",Bach Partitas,2,0,0,0,Intermediate,"Moderate-tempo dance with flowing, continuous character"
Courante,Baroque,Binary (AB),2-3 minutes,Baroque,Dance suites,"Triple meter, running character",Bach French Suites,2,0,0,0,Intermediate,"Lively dance in triple meter with running, continuous motion"
Gigue,Baroque,Binary (AB),2-3 minutes,Baroque,Dance suites,"Fast compound meter, often imitative",Bach English Suites,2,0,0,0,Intermediate,"Lively dance in compound meter, often the final movement of baroque suites"
Ground Bass,Baroque,Repeating bass with variations,3-10 minutes,Baroque to Modern,All genres,Short repeating bass pattern with variations above,Purcell Didos Lament,6,1,0,0,Intermediate,"Form built on a short, continuously repeated bass pattern with variations in upper voices"
Ritornello Form,Baroque,Tutti-Solo-Tutti-Solo...,8-20 minutes,Baroque,Concertos,Alternating tutti and solo sections,"Vivaldi Four Seasons, Bach Brandenburg Concertos",6,0,0,0,Intermediate,Baroque concerto form alternating full orchestra (tutti) with soloist passages
12-Bar Blues,Blues,"AAB (lyrical), I-IV-V (harmonic)",2-4 minutes,1900-present,"Blues, Rock, Jazz","Three 4-bar phrases, I-IV-V progression","Robert Johnson, B.B. King songs",3,0,0,0,Beginner,Foundation blues form with specific harmonic progression and lyrical pattern
Concerto Form,Classical,Double Exposition-Development-Recapitulation,20-40 minutes,Classical/Romantic,Concertos,"Soloist vs orchestra, cadenzas, double exposition","Mozart Piano Concertos, Brahms Violin Concerto",3,1,1,1,Advanced,Modified sonata form featuring soloist with orchestral accompaniment
Sonata Form,Classical,Exposition-Development-Recapitulation,10-20 minutes,Classical/Romantic,"Symphonies, Sonatas, Concertos","Dual key areas, thematic development, tonal journey","Mozart Piano Sonata K.331, Beethoven Symphony No.5",3,1,1,1,Advanced,"Large-scale form with exposition of themes, development section, and recapitulation"
Sonata-Rondo,Classical,ABACABA,8-15 minutes,Classical/Romantic,"Symphonies, Concertos",Combines sonata and rondo principles,"Mozart, Beethoven finales",7,1,1,1,Advanced,Hybrid form combining development principles of sonata with recurring theme of rondo
Minuet and Trio,Classical,ABA (Minuet-Trio-Minuet),3-7 minutes,Baroque/Classical,"Symphonies, String Quartets, Suites",Dance form in 3/4 time with contrasting middle section,"Mozart Symphony No.40, Haydn String Quartets",3,0,0,0,Beginner,Binary dance form with contrasting trio section
Rondo,Classical,ABACA or ABACABA,5-15 minutes,Classical/Romantic,"Concertos, Symphonies, Chamber music",Recurring main theme (refrain) with contrasting episodes,"Mozart Piano Concerto K.467 finale, Beethoven Pathetique Sonata",5,0,0,1,Intermediate,Form with recurring main theme separated by contrasting episodes
Scherzo and Trio,Classical,ABA (Scherzo-Trio-Scherzo),4-8 minutes,Classical/Romantic,"Symphonies, Chamber music","Fast 3/4 time, playful character, replaced minuet","Beethoven Symphony No.9, Brahms symphonies",3,0,0,0,Intermediate,"Fast, humorous form that replaced the minuet in classical works"
Theme and Variations,Classical,A-A1-A2-A3-...,5-20 minutes,Baroque to Modern,All genres,Single theme presented then varied through different techniques,"Mozart K.331, Brahms Variations on Handel",6,0,0,0,Intermediate,A theme followed by a series of variations maintaining harmonic structure
EDM Drop Structure,Electronic,Intro-Buildup-Drop-Breakdown-Buildup-Drop-Outro,4-7 minutes,1990-present,Electronic Dance Music,Energy-based structure with climactic drops,Electronic dance tracks,7,0,0,1,Intermediate,Electronic music form built around energy peaks (drops) and tension building
Ballad Form,Folk,ABCB (ballad meter),3-8 minutes,Traditional,"Folk, Country, Narrative songs","Narrative structure, often tragic","Traditional ballads, folk songs",4,0,0,0,Beginner,"Narrative song form telling a story, often with tragic themes"
Strophic Form,Folk/Popular,A-A-A-A...,2-6 minutes,Traditional,"Folk, Hymns, Ballads",Same music repeated with different lyrics,"Amazing Grace, many folk songs",4,0,0,0,Beginner,Simple form where the same music is repeated with different verses
Hip-Hop/Rap Form,Hip-Hop,Intro-Verse-Hook-Verse-Hook-Bridge-Hook,3-5 minutes,1980-present,"Hip-Hop, Rap",Verse/hook structure with spoken lyrics,Classic hip-hop tracks,7,0,0,0,Intermediate,Contemporary form featuring rap verses and sung or chanted hooks
AABA Jazz Standard,Jazz,A-A-B-A,3-5 minutes,1920-present,"Jazz, Standards","32 bars total, 8-bar sections, B section is bridge","All The Things You Are, Body and Soul",4,0,0,0,Intermediate,Jazz adaptation of 32-bar song form with improvisation sections
Rhythm Changes,Jazz,AABA on I-vi-ii-V,3-6 minutes,1930-present,"Jazz, Bebop",Based on I Got Rhythm harmonic progression,"Anthropology, Oleo",4,0,0,0,Intermediate,Jazz form based on the harmonic progression of Gershwins I Got Rhythm
Arch Form,Modern,ABCBA,10-30 minutes,20th Century,Modern classical,"Symmetrical structure, palindromic",Bartók String Quartets,5,1,0,0,Advanced,Symmetrical form that mirrors itself around a central point
AABA (32-Bar Song Form),Popular,A-A-B-A,3-4 minutes,1900-1960,"Tin Pan Alley, Jazz Standards","8-bar sections, B section provides contrast","Over the Rainbow, Summertime",4,0,0,0,Beginner,"Classic American popular song form with two A sections, contrasting B section, final A"
ABABCB (Verse-Chorus),Popular,Verse-Chorus-Verse-Chorus-Bridge-Chorus,3-5 minutes,Modern,"Pop, Rock, Country",Alternating verses and choruses with bridge,Most popular songs,6,0,0,1,Beginner,"Standard pop song structure with verses, choruses, and bridge"
Intro-Verse-Chorus-Verse-Chorus-Solo-Chorus-Outro,Rock/Pop,I-V-C-V-C-S-C-O,3-6 minutes,1960-present,"Rock, Pop",Extended pop form with instrumental solo,Classic rock songs,8,0,0,1,Intermediate,Extended popular song form including instrumental solo section
Cyclic Form,Romantic,Multi-movement with shared themes,20-60 minutes,Romantic to Modern,"Symphonies, Chamber works",Thematic unity across multiple movements,"Franck Symphony, Berlioz Symphonie Fantastique",4,1,1,0,Advanced,Multi-movement form with recurring thematic material creating unity
Call and Response,Traditional,A(call)-B(response),2-10 minutes,Traditional,"Gospel, Work songs, Blues","Leader calls, group responds","Spirituals, work songs",2,0,0,0,Beginner,Interactive form where leader alternates with group response